id,text,place.name,place.country
593891101313896449,LOLZ to Trickle Down Wealth. It's never trickling past their own wallets. Greed always wins $$$ for the greedy.  https://t.co/X7deoPbS97,Mesa,United States
593891102895296512,"How dare @EdMiliband_MP force Socialists to chose between the English LP and the SNP! The #SNP are the last, true Socialist party in the UK",Edinburgh,United Kingdom
593891112407924736,Account for every penny? Like you did last time? Your nose should be 2 foot long! https://t.co/k4NMrenulf,Hove,United Kingdom
593891116363214848,"@ScotlandTonight If Miliband will step aside to let Tories in, we need 59 SNP MPs more than ever to stand up for Scotland @theSNP #VoteSNP",Scotland,United Kingdom
593891141914894337,Kezia doll stop making a pure clown of yourself hen !!! #snp,Glasgow,United Kingdom
593891146939629569,"@naebD and y'know, the tories not voting down supply bills. like they did that one time.",Scotland,United Kingdom
593891152249622529,These pundits talking about reaction of #bbcqt audience is ludicrous. On the BBC's own admission half of them were Tories &amp; LibDens,Derby,United Kingdom
593891306537095169,@blairmcdougall @scottishlabour @ScotlandTonight @bbcqt LOL without SNP Labour will not get that chance stale mate!,City of London,United Kingdom
593891320357335040,@Ed_Miliband doesn't want to be in government if means being in coalition with the SNP I think he's about to be granted his wish,South East,United Kingdom
593891454440837120,The EU is one of the greatest things for our country and economy. Farage is a filthy racist.,Bristol,United Kingdom
593891491686277121,"When I see people older than me falling for the UKIP PR machine it makes me really sad, do you know what you're voting for? #GE2015",Dickens Heath,United Kingdom
593891491791015937,UK's Labour leader Miliband stumbles after live TV questions from voters http://t.co/o3eaIng7Yv,Ê∏ãË∞∑Âå∫,Êó•Êú¨
593891495570182144,@Ed_Miliband would rather see tories in office than work with the snp. What a self interested neo-liberal tribal scumbag he is. Vote Plaid.,Newport,United Kingdom
593891651430526977,Still think it's barmy that Cameron won't debate Miliband. Surely it's a prerequisite of such proceedings. Should be compulsory! #bbcqt,Leeds,United Kingdom
593891653296979968,"""...now I'm saying I'd rather put Tories in power than make a compromise that would satisfy my traditional core voters.""",Uppsala,Sverige
593891656220463104,"Tomorrow Miliband will say 'let me tell you this, I'm not even voting for myself in case I do a deal with the SNP'.",Croydon,United Kingdom
593891669466075137,@Dungarbhan @lenathehyena @UKLabour @Ed_Miliband Time for SNP to be clear - will they vote for Labour or let the Tories in.,Newcastle Upon Tyne,United Kingdom
593891674713108480,"‚Äú@BBCJamesCook: Ed Miliband says he'd rather not have a Labour government than do a ""confidence and supply"" deal with the SNP. #GE2015‚Äù lol",Falkirk,United Kingdom
593891803801264129,"Milliband keeps coming out with this ""out to win an outright majority"" patter.

I think we all want to know, what's his ""Plan B"" ?",Motherwell,United Kingdom
593891835468259329,Labour are pissed off the Tories didn't govern alone the last 5 years and make bigger cuts. Do the care about people or power?,Walthamstow,United Kingdom
593891842111987712,@nickrobinsonBBC David Cameron was called a liar three times. Yet one person called Miliband a liar and that has been reported,Birmingham,United Kingdom
593891971070107648,@Ed_Miliband Well Mr Miliband let me be clear I'll never Vote Labour I'd rather die,Innerleithen,United Kingdom
593892009414373376,"@portyalliance Clegg is not a main contender to be truthful he was the tail of Tory dog, pathetic excuse for a man and a party",City of London,United Kingdom
593892162959474689,It's hilarious how much Labour think the SNP should just let them win.,Wishaw,United Kingdom
593892166235201537,@flyingdavy @magnethead_666 @Ed_Miliband @JimForScotland Plan B is SNP is Very Bad  not just bad,Glasgow,United Kingdom
593892314973655041,@abstex @AnnPettifor nice to see David Cameron in the photo too,Lewes,United Kingdom
593892344493137920,@UKIP @Nigel_Farage Bolton's National Treasure or a clown who doesn't know his arse form his elbow? Think the BBC did us a favour,Wigton,United Kingdom
593892350285500417,#newsnight strangely leaving out the businesswoman who nailed Ed Miliband in their package I wonder why,South East,United Kingdom
593892350994345984,"#lastleg UKIP manifesto. No coloureds, no Irish, no dogs.",Golborne,United Kingdom
593892500613570560,@ScotlandTonight Edd has just drowned his party here in Scotland......what a comment to make ref the SNP and coalition ......,Glasgow,United Kingdom
593892514727370752,#Newsnight showed the Milliband stumble. Why? WHY?,Gateshead,United Kingdom
593892524143603712,"SNP supporters quick to twist Milliband's words. Didn't say he was against Scottish partnership, said was against nationalist partnership.",Scotland,United Kingdom
593892652921282560,"Question to Jeremy Paxman: ""what do you think of Ukip?""
Paxman: ""not much"" #TheLastLeg",Leamington Spa,United Kingdom
593892654334750721,"""I'm not going to give into the SNP about the trident"" shut the fuck up ed milliband ya dick",Troon,United Kingdom
593892656658395136,"Business likes the Tories because they let workers be exploited confirmed on  Question Time
Vote @UKLabour @willscobie",Staple,United Kingdom
593892675000107008,"Ok England you all know whats happening now Labour would rather tory's win, so vote Greens all you disgusted labour voters in England",Mold,United Kingdom
593892828666851328,ed milliband did himself no harm today especially with his strong views on SNP and coalition gov #bbcqt,Winchester,United Kingdom
593892831007252480,@mikeyyy92 damned if he does to an extent. IMHO he will replace SNP with LIB DEM. won't give a maj but will lead a min gov,Edwinstowe,United Kingdom
593892838594748416,"@Gildy55 bases as SNP, Plaid Cymru talk of doing...",North East,United Kingdom
593892864465248256,@MohawkMikey83 we shall agree to differ... meanwhile thanks for the chat..  it is all ifs and ands.lets hope the tories don.t romp home...,South West,United Kingdom
593892865744449539,"Proud of Nick Clegg tonight he came across as honest, reliable and fair. Miliband's dishonest responses didn't fool the good people of Leeds",Redcar,United Kingdom
593892985588338689,"Feel bad for Clegg. My mum has even sadly lost favour, and she used to be pro-Clegg #bbcqt",Leamington Spa,United Kingdom
593892999559512064,Idk why but that Ed miliband guy reminds me of mr bean,Wilson,United States
593893013950181376,"Ruth Davidson warning the #SNP want a separate Scottish ""STATE"", clearly she doesn't believe we're actually a COUNTRY.  #VoteSNP",Glasgow,United Kingdom
593893019075608577,"@DavidPBMaddox @KAlmsivi So, who among us plans to give in to Miliband blackmail?",Scotland,United Kingdom
593893178585042944,I think we may have the first Tory labour coalition in history both have the same policy's which is very worrying for the future.,Haddington,United Kingdom
593893187518857216,#bbcqt u heard it there. #EdMiliband prefers #tories b4 work with #SNP15 #Scotland will never forget nor forgive if it comes 2 pass #SNP15,Edinburgh,United Kingdom
593893335246512128,Surely nick clegg it's time to hang your overworn boots up when laughable ukip have a higher poll point lead than you ! Cameron's lapdog,Loughton,United Kingdom
593893348517228544,With Miliband breaking the new @UKlabour vow next week (not to team up with SNP). we really need our independence from these lying bastards!,Glasgow,United Kingdom
593893350090133504,@patel4witham @SimonHart107 @David_Cameron Still waiting for our third road off Canvey Island How long do we have to wait Wont get from Tory,Bedford,United Kingdom
593893351306481664,"@OwenJones84 you must know what Mr Miliband said tonight, are part of this Uk or not?",Innerleithen,United Kingdom
593893360349347841,Cant understand why anyone would vote for ukip!!,Huddersfield,United Kingdom
593893477450121216,"@ScotlandTonight @bbcqt Ed rather see in the tories,  think he is finished",Edinburgh,United Kingdom
593893673110282240,Miliband if you scare off big business this country will be f***ed ... #QuestionTime @bbcquestiontime,Birmingham,United Kingdom
593893688255873025,Absolutely disastrous for Miliband to say he would let Tories in if he had to do deals with SNP for government,Kingston upon Thames,United Kingdom
593893847924629505,"@OwenJones84 Let's also remember, Owen, that Ed Miliband doesn't believe the last Labour govt over-spent. #bbcqt",Kingston upon Thames,United Kingdom
593893964274671616,"@McewenB despite Tory press Cameron will not win, again",South East,United Kingdom
593893978015162368,Anyone else feel Ed Miliband is painting himself into a corner over this whole SNP business?,Brighton,United Kingdom
593893979432824833,"Miliband officially would prefer the Tories to SNP. How badly does Westminster hate Scots, or hate them having a voice in parliament?",Helensburgh,United Kingdom
593893985694920705,"Changed my mind, Ed Miliband won't be PM.  Such lack of thought...Who are his minders?!? Massive fail",Edinburgh,United Kingdom
593894119874912258,I'm #SNPbecause I cannot see any difference between Red and Blue Tories - although on that basis @EdMilliblandMP would also be #SNPbecause,Broxburn,United Kingdom
593894145065885696,This is a pure belter by @UKIP Keep Scotland Scottish right enough @AshBash_ox @george897 http://t.co/9T9pujhfqZ,Kilmarnock,United Kingdom
593894151432871936,"@Pool55SW19 seen through your Tory eyes Jill :) Miliband has far more empathy with people than Cameron ever will, roll on next Thursday :)",Manchester,United Kingdom
593894287043072000,People either think @bbcnickrobinson is a raving Tory or a paid up Labour supporter. He must be pretty impartial. #bbcqt #nickrobinson,Todmorden,United Kingdom
593894287223463936,"According to Twitter, Cameron, Miliband and Clegg all won this evening's #bbcqt by very significant margins. Much enlightenment I'm sure",Merton,United Kingdom
593894304311078912,@NicolaSturgeon He has just got the #SNP a lot more votes now... Hell Yes..,Edinburgh,United Kingdom
593894323080560641,Labour love Tory more than Scots electorate how do you feel folks who have ever voted Labour well how do you feel now? Used? abused? yes,City of London,United Kingdom
593894462620831747,@MrMirth @EtonOldBoys Thinks he can get a Tory win via the #bbc,Bradford,United Kingdom
593894479205179392,@Ed_Miliband I think you made a big mistake tonight about not making a deal with SNP. Wrong move,Cumnock,United Kingdom
593894479817478144,@zkgoh they need to realise they are supposed to be left wing. I'm voting lab to keep tories out.,Bristol,United Kingdom
593894613448040449,http://t.co/IHQkMhWDpu I missed this earlier! So #DavidCameron wouldn't oppose a 2nd referendum. Did he brief his poodle Miliband? #SNP,Edinburgh,United Kingdom
593894631328350208,"By ruling out a coalition with the SNP, Miliband is the one 'letting the Tories in'.",Newport,United Kingdom
593894646994067456,"@GerryHassan ... And English students pay nothing unless they earn over ¬£21000 pa. ¬£15,600 in Scotland under SNP.",Cambuslang,United Kingdom
593894784781123584,@cjwye @vach92 not just me The Economist gives it to Clegg too - rose tinted glasses I suspect #LibDems,Bickington,United Kingdom
593894795174621185,Nigel Farage questioned by people in Birmingham? LOOL this should be interesting,Camden Town,United Kingdom
593894810697752576,"@David_Cameron Make Duncan-Smith Gove Fallon Fox, etc do their bit for the Union &amp; win Tory seats in their native Scotland. @HappytobeTommy",Carlisle,United Kingdom
593894826929717248,Great find @elashton @JoeMurphyLondon .  https://t.co/ElQi8YDX8C,Brent,United Kingdom
593894960237256704,Tories queried Labour MP's plan to take maternity leave straight after election #bbcqt do you trust them on child benefits,Louth,United Kingdom
593894996807385089,Just a reminder that Nigel #Farage of the #UKIPs will be on BBC1 in a few minutes. http://t.co/8aKEFZ9UiL,Birmingham,United Kingdom
593895007280594944,@TheLastLeg #Milibrand they cut out the bit where Miliband told brand about the all bitches he screwed then showed a pic of his brother.,Gildersome,United Kingdom
593895011172880384,"@ScotlandTonight I'm glad someone is keeping 2nd referendum in news. Just thought it would be SNP, no everyone else.",Larkhall,United Kingdom
593895131549462528,If SNP went to power word on street buckfast would be tax-free and drunken assault wouldn't be a crime #nutty,Fleetwood,United Kingdom
593895133038411776,@IainDale @DouglasCarswell @Nigel_Farage we all know its Tory controlled u.k.I.p,Southend-on-Sea,United Kingdom
593895320674836480,SNP also said if they go in power if you deck a bird on a Sunday sesh in walkabout you get a pint or a half price pitcher,Fleetwood,United Kingdom
593895331655364608,nigel farage my babes,Walthamstow,United Kingdom
593895355026124801,@ruth_wishart no - would be minority government with own agenda unless SNP voted them out,Bedford,United Kingdom
593895358733950976,"@jsdp_ @debrakidd @judeenright by voting for SNP? Hey, democracy is great isn‚Äôt it? Isn‚Äôt it?",Glasgow,United Kingdom
593895366258511873,Best line on @Ed_Miliband's ruling out any deal with  @TheSNP goes to @timfarron: 'I thought Miliband was ruling out reality.',Manchester,United Kingdom
593895513214312448,@GeorgeAylett No matter Clegg you will be heading to the job centre üòÖüòÇüòÖ liar üî´,Inverkeithing,United Kingdom
593895523309977600,@NicolaSturgeon @scottreid1980 labour will propose legislation to deliver their manifesto. You decide to vote for it or vote with the Tories,Glasgow,United Kingdom
593895550891794432,"@chunkymark @4joturner @Ed_Miliband if tories get back in because Ed refuses to work with SNP, Plaid n greens then ppl wont forgive him",Glasgow,United Kingdom
593895677580673026,Nigel Farage is one slimy fucker,Huddersfield,United Kingdom
593895683977027584,I like that Farage gets his own show. http://t.co/VkKroDfOyo,Hackney,United Kingdom
593895720597467136,Polly Toynbee presumes that those in audience who questioned Miliband have to be on the right without any evidence to support her #newsnight,South East,United Kingdom
593895850859966464,How come farage has his own show??? Hope he does well and takes more of Tory vote,Hessle,United Kingdom
593895852005052416,Disingenuous of Tory high command to attack Labour's record on spending when they supported every spending plan till 08 crisis. #GE2015,Eltham,United Kingdom
593895891242721281,Stayed up to watch @Nigel_Farage lets get some more @UKIP votes.,North West,United Kingdom
593896050961817601,"@Ballochmylelab @scottishlabour LOL, The sun is #SNP :)",Glasgow,United Kingdom
593896191273865216,Not enjoying Farage without any opposition. #AskFarage,Cambridge,United Kingdom
593896203949109249,"The #bbbqt leader's debate audience was incredibly right-wing, making Miliband by comparison sound almost, well, socialist.",Manchester,United Kingdom
593896213679841280,@jimwaterson Oh they buy them - and as most papers are owned by non-doms they're pro-tory and have been for decades.,Brighton,United Kingdom
593896231115567106,"@toisich69 @Macaulich @VoteGreen7thMay Vote Labour, get Tory - now virtually guaranteed by Labour leader.",Airdrie,United Kingdom
593896397059059713,Sanctimonious #DavidCameron wheeling out his dead son to try to defend rubbish #Tory record on the #nhs. He'll stop at nothing to win #low,Sale,United Kingdom
593896423357345792,"It'll be a disaster if Labour and Ed Miliband get into power in 7 days time, especially if it's in coalition with the SNP #bbcqt",Cardiff,United Kingdom
593896549110939648,Watching #AskFarage on @BBC @UKIP @Nigel_Farage #UKIP http://t.co/O3rPkg3DSo,Clayton-le-Woods,United Kingdom
593896561525923840,Does my potato look like David Cameron? #bbcqt http://t.co/LfhU0Ko8xj,Caerphilly,United Kingdom
593896582069821440,"Not a fan of snp, but I do like the idea that Scotland is represented by 1 party",Dalrymple,United Kingdom
593896583349035010,David &amp; Bullingdon Boys FC. Born 2 make ¬£12b of cuts without u worrying ur tiny little heads or expecting an answer https://t.co/e5rerWKhPS,Thornliebank,United Kingdom
593896738395713536,i'm voting #snp but the more I see of Milliband the more he looks like a train crash and Cameron worse dont want to support either at WM,Edinburgh,United Kingdom
593896748956909572,"""@OddMiliband: Ed Miliband trying to wear a suit http://t.co/lIPLQi587g"" he looks like Mr Bean üòÇüòÇüòÇüòÇ",Bolton,United Kingdom
593896752425631745,Nobody is fooling nick clegg http://t.co/TQgwlh7cO4,Hove,United Kingdom
593896770477907968,"Farage snubbed from the Question time and put on at the latest possible point to deter viewing figures.

Outrageous treatment of UKIP.",Sunderland,United Kingdom
593896772759588864,"@AG_ThorpeApps Oh, what is the level of youth unemployment after 5 years of Tory rule? How much richer have the Tory mates become?",South East,United Kingdom
593896783400558592,I feel sorry for Nick Clegg that everyone hates him for the whole tuition fees broken promise thing üôà,Droitwich,United Kingdom
593896912400588800,I suspect we'd get an arrangement with his successor on May 9th if he repeats this a week tomorrow.  https://t.co/Op2W839Pf5,Richmond,United Kingdom
593896919530872832,@nickhenry76 @unionstogether nowt to do with the tories though fella. Their policies are hurting this country,South East,United Kingdom
593896934659719170,@hillyon I disagree with conservatives but as long as not ukip! I'm voting green but I'd be happy to see labour in!Understand Tory PoV tho:),Preston,United Kingdom
593896948584841217,"@YesMonifieth @ScotNational 

Has milliband just broken the union?",Edinburgh,United Kingdom
593897131162902528,"Why doe's Cameron or Miliband think that they will win the election,there are other parties involved in this election;",Nunthorpe,United Kingdom
593897137559179265,LMAO some Tory said ''clearly Miliband slipping was an indication he was ruffled by the final question'' that's so funny that he's serious.,England,United Kingdom
593897261043687426,"@roddy1314 It would martial law I fear, democracy is not an option in UK, it is a unionist dictatorship, Labour &amp; Tory as one =Lavatory",City of London,United Kingdom
593897273395978242,@Ballochmylelab @scottishlabour I thought the sun were backing the Tories/SNP üòÅ,Glasgow,United Kingdom
593897292790366208,@FraserNelson And? Tories have collaborated in the most deaths of sick and vulnerable people than any other civilised country; bar the Nazis,Leverington,United Kingdom
593897301430632448,@dukesy12 @AlbaView Vote Conservative for a life. Vote Labour and probably Sturgeon for a life sentence.,Hellesdon,United Kingdom
593897423648468993,How can you guarantee jobs for every young person Miliband #cloudcookoo #bbcquestiontime #bbcqt @bbcquestiontime,Birmingham,United Kingdom
593897427767267328,See Miliband was not lying when he said he wanted to build a wall and seal Scotland off from Westminster,Alexandria,United Kingdom
593897453377757185,@OriginalRKelly @trapezer @BTN_Alex @Ed_Miliband and how will you vote next Thursday after Milliband said Tories are a cert?,Glasgow,United Kingdom
593897459681775616,@dundee_dee @GeorgeAylett Not as delusional as those who say SNP is left of Labour.,Lambeth,United Kingdom
593897465386049537,Apparently Australians are criminals. #Farage #muppet,Lambeth,United Kingdom
593897474693177344,@Nigel_Farage DON'T USE HUMOUR - This is a BBC audience remember... #UKIP,Paddington,United Kingdom
593897601130483713,Nigel Farage is a really good speaker #AskNigelFarage,Wigan,United Kingdom
593897601860292608,@woodstockjag @willmill82 @Ed_Miliband Not sure I regard SNP- Labour as a progressive alliance. Certainly not based on SNP Govt performance.,Cambuslang,United Kingdom
593897630796746752,Ed Miliband can't stop SNP voting through the Labour Queens speech. He has to say something to try and save Labour in Scotland.,Inverness,United Kingdom
593897786787106816,"Typical BBC bias !  Farage audience oozing bias. Obviously hand picked by Beeb, as usual, Anti UKIP.
Utterly despicable !  Shame on the Beeb",Epsom,United Kingdom
593897960552923136,"@johnyates10 Blair wasn't the best, but still better than any Tory government. You have to admit that, after Thatcher &amp; Major?",Sheffield,United Kingdom
593897967742001153,Did Ed Miliband really admit that he'd rather Labour weren't in government than do a deal with SNP?!,Carluke,United Kingdom
593897974566133760,David Cameron gets my vote! #questiontime,Lower Sheering,United Kingdom
593898096544845826,@blairmcdougall oh we did reason we voting SNP for WM we taking u up on ur word that Scotland should lead. after 2nite looks like Scotland,Mold,United Kingdom
593898124655108097,"Farage picks up again on #HIV, not pregnancy not cancer it is pointed homophobia disgusting #bbcqt",Brighton,United Kingdom
593898132032851968,@jonnarbett @scottishfirst @OwenJones84 a real case of be careful what you wish for cause #snp are now going to WM tick tock tick tock,Edinburgh,United Kingdom
593898138336894976,@bbcnickrobinson @Ed_Miliband Lets be honest he would make a shit PM and the only way he could get there is with a deal with Sturgeon.,Hellesdon,United Kingdom
593898145014099969,@wdjstraw Saw your post re UKIP. Not my style of campaigning but we can all play if pushed. Heres one for you #fb http://t.co/13hE3Jelp9,Lancaster,United Kingdom
593898150047416320,@bellacaledonia still exciting. The real people in England will see through the 3 Tory parties soon and Greens will benefit. Vote of no conf,Edinburgh,United Kingdom
593898151318163456,UKIP member calls for English-only official documents http://t.co/IehVC1HWf8 #Lincs http://t.co/ebcPGnYDIG,Lincoln,United Kingdom
593898273762586624,Farage is an absolute barmpot,Aintree,United Kingdom
593898275717193728,My father just turned over when Farage started talking. His is of the age that may be converted by his straight to the point views. #proud,Stafford,United Kingdom
593898275813601280,"David Cameron says Israel was right to defend itself over #Gaza attacks last year
#bbcqt 
http://t.co/rdNiqKTWvq",London,United Kingdom
593898281878560768,@Briandamge64 @AyeMcClane @democraticaudit the Tories don't need most seats. They'll make deals with all the devils possible.,Aberdeen,United Kingdom
593898317316231168,Farage never fails to stun me. Incredible capacity to blame anything on immigrants. #AskFarage,Cambridge,United Kingdom
593898322974367744,Farage hasn't learnt. Still shamefully using HIV to attack immigrants. Why is he allowed to get away with this rubbish?,Hallen,United Kingdom
593898607062994944,"Well, I thought David Cameron was better on @Cassetteboy #bbcqt",Margate,United Kingdom
593898614222622720,@Charliemalone5 to say he would rather have a Tory government than do a deal with the snp is the final nail in the coffin,Glasgow,United Kingdom
593898622091173888,"Miliband says he won't do a deal with the SNP.
I will.
#VoteMeNotMiliband #DoncasterNorth",Sheffield,United Kingdom
593898633331941377,Election 2015: 'No Labour government if SNP deal' - http://t.co/5P0Khd5qai,Eltham,United Kingdom
593898637807198208,Please Give Reasons Behind Your Decision Has My Opinion Has A Member Is It's A Wrong Decision So Prove Me Wrong...Ta https://t.co/Jvy5ldfRkj,Warrington,United Kingdom
593898655121276928,"Labour forced Royal London Hospital to get a private firm to build it's ¬£1b new building under pfi,SNP govnt paid for Glasgow's ¬£1b hospital",Walthamstow,United Kingdom
593898782900772864,"Got a great joke 4 you all ... 

... Ed Miliband",Waddesdon,United Kingdom
593898786860232704,Go nige #AskTheLeader #AskFarage #AskNigelFarage #UKIP,Kippax,United Kingdom
593898789666172928,"Nigel Farage bigging up the Sikh Community in Britain. Many UKIP representations apparently.
Hmm
Not for me.",East Midlands,United Kingdom
593898943798497280,"@UKIP the question is, What in God's name are the other 23% thinking of? Do they want totally open borders? Fifth columnists surely..",Blackwell,United Kingdom
593898965587914753,Farage never heard of pearl harbour?  #AskNigelFarage,Dudley,United Kingdom
593898971770318848,@georgeeaton Ed did well. He ruled out any kind of deal with the SNP. He was principled and you can't fault that.,Leeds,United Kingdom
593898985791868929,"My life is literally a burden, SY police, nick clegg at the end of my road, always on the border of a better grade, always anxious like help",Sheffield,United Kingdom
593898989671579648,It seems incongruous that a born and bred Scottish soldier who was serving his country was denied a vote on Indy by the SNP. Shameful!,Irvine,United Kingdom
593899109972598785,Loved the little trip Mr Miliband pity it wasn't from a greater height @bbcquestiontime #bbcqt,Birmingham,United Kingdom
593899110157131776,I'm going to be cortavertial........I don't actually mind Nick Clegg.,Queensferry,United Kingdom
593899136518365185,"@iancollier1950 tories win, more cuts made, UKIP may be nothing next time, where will the disaffected go next EDL return to BNP",Bradford,United Kingdom
593899164368543744,@NicolaSturgeon and the @theSNP the only ones not talking about another referendum - the rest bringing it up to put people off voting SNP,Edinburgh,United Kingdom
593899166536966144,"Whatever your opinion of Farage, he makes valid points about us getting involved in unnecessary foreign wars.",Berinsfield,United Kingdom
593899185935626240,"#bbcqt 
Is this a debate or a ukip lecture",Canvey Island,United Kingdom
593899342446141440,#leadersdebate Immigration seem to be a RUDE word to #UKIP No it is not it is RACIST,Daventry,United Kingdom
593899350423642114,i voted yes i want independence but i dont want a Quebec senario we must have everything in place before we go again bide our time #snp,Edinburgh,United Kingdom
593899352785051648,@UKIPBOT Farage would have been way ahead of the other 3 Straight &amp; to the point,Liverpool,United Kingdom
593899361676984321,"#AskNigelFarage .Farage:""many ethnic communities say immigration control is not a matter of race""....No it's a case of I'm all right Jack.",East,United Kingdom
593899362834587648,DO NOT LET UKIP REFERENDUM BLOKE SAY ANYTHING,Neath,United Kingdom
593899363182739457,#RT @TheLastLeg Infamy at last. Changing my name to Tory Manifesto tomorrow. Thanks for the tip ;-),Bristol,United Kingdom
593899375836954624,@agendaitv @Nick_Hewer A BBC employee having a pop at Farage.....shock,Portsmouth,United Kingdom
593899383755792384,no I just can't actually convey how much I fancy nick clegg,Greenwich,United Kingdom
593899519693168640,Did we just witness ed milliband committing political suicide tonight on TV? Prefers Tories in power to dealing with SNP?!,Glasgow,United Kingdom
593899532397707264,"@MrProWestie so who you going to put that X next to westie?? @UKLabour?, @Conservatives? @LibDems? or maybe @UKIP?, @TheGreenParty?....",Neath,United Kingdom
593899559283204098,Is UKIP turning into a mainstream party?,East Ham,United Kingdom
593899565331382272,#AskNigelFarage #UKIP closet racists asks questioner. They are not in the closet actually,London,United Kingdom
593899569844477952,@raymondonia Cameron got Tory questions from Tory audience.. That's Dimbleby 4U,Belfast,United Kingdom
593899712249470977,Again how do you know?  https://t.co/KnGGYmCe6d,Wandsworth,United Kingdom
593899714971639809,Aw actually feel sorry for Ed Miliband on a human level for tripping at the end :( #QuestionTime,Swindon,United Kingdom
593899879077912576,"Farage wants an Australian type immigration border control. Just because Australia turns someone down, doesn't mean they're racist.",Newcastle Upon Tyne,United Kingdom
593899884568322049,"#AskNigelFarage ""Are #UKIP closet racists?"" ""Any sensible person can see that we're not."" Aside from the idealists, apparently.",Fareham,United Kingdom
593900097819258881,David Cameron thinks its 'fair' to do 'whatever he can' to win #ELECTION2015  remember these words! #bbcqt #emptywords + #lies,Sale,United Kingdom
593900104949624833,Farage is bang on about the commonwealth,Northwich,United Kingdom
593900111006146560,The politics section of Pie &amp; Bovril is cracking!! Basically everyone is pro independence and SNP!! Brilliant!,Arbroath,United Kingdom
593900267143323649,@AJ2quack @ScotNational preferring a Tory government to democracy? Risky is certainly one word for it,Glasgow,United Kingdom
593900268221235201,Imagine openly admitting that you're voting for UKIP,Garston,United Kingdom
593900290182684674,"#Farage says ""ailing, failing"".  Let's hope that @VAylingUKIP is, indeed, going to fail in #Grimsby #AskTheLeader",Caistor,United Kingdom
593900415206457345,"UKIP manifesto: ""let people die of HIV/AIDS complications and onward transmission of HIV."" Wonderful :-/",Gateshead,United Kingdom
593900447989145600,"Lab can only govern with SNP /Plaid /Greens ,in effect tonight he conceded election to the tories a wk before polls open  must be a record",Glasgow,United Kingdom
593900455937384448,"ah bollocks, forgot about Farage's ting",Hitchin,United Kingdom
593900467400404992,Why has Farage got his own studio format? #AskNigelFarage #bbcqt,Margate,United Kingdom
593900619230027778,@callummccrae1 Farage is a French Huguenot name. Ancestors taken in by England as refugees from genocide in France against Protestants.,West Bromwich,United Kingdom
593900638444122112,Won't be many UKIP MPs #AskNigelFarage,Waterlooville,United Kingdom
593900774079471616,@standuptoUKIP are the black and asian members of UKIP racist??,Billingham,United Kingdom
593900782522638337,@Mr_Slater:Only Ed Miliband and Labour will be able save the NHS.That's why I want#Ed4PM retweet if you do too#BBCQT http://t.co/lCGnU2bowg,Penarth,United Kingdom
593900826701213696,@catherinetyley I actually quite like him - very glad it was him in coalition with the Tories than them alone - but just think he really...,Oxford,United Kingdom
593900831793160194,"I'm #SNPbecause I don't want imperial masters in Westminster, I want elected public servants. #GE2015 #SNP",Glasgow,United Kingdom
593900960159813633,"@dukesy12 @AlbaView When Miliband talks it should be more like bagpipes in the background, would be more honest and to the point.",Hellesdon,United Kingdom
593900970024665088,"@WillBlackWriter Isnt this David Cameron at Acid House, 1988 ? :) (12 sec) https://t.co/oCs1otH9NX #ukpol",Sydney,Australia
593900976852971520,.@scottishlabour What is clear is Miliband would rather see the Tories back in power than team up with an anti-austerity party. RIP Labour,Manhattan,United States
593900978488868864,Ed Miliband has fucked it . He'd rather let the Tories back in than do a deal with The SNP. A tough guy act that has gone too far #GE2015,Inverness,United Kingdom
593900993441570816,@BBCPolitics  who is the awful officious woman in red! Won't let Farage finish and adds her own opinions as well. #BiasedBBC,Blackpool,United Kingdom
593901010021650435,I actually think boris looks quite fit in this is that bad https://t.co/T8AJGdgdVp,Sheffield,United Kingdom
593901161972903936,My surgery stopped opening from 6 days to 5 days a week in Tory time and with no evening service. Where is David Cameron's 7 day NHS?,West Bridgford,United Kingdom
593901173431742465,"Guardian #bbcqt/Downfall poll

Hitlers dog
Cameron
That lass whose boobs you see
Clegg
SS-Brigadef√ºhrer Mohnke
Miliband",Coleshill,United Kingdom
593901323852107776,"@dannlittle well he doesnt lol, what other labour mp do you know other than miliband and same for tory mps and miliband?",Worthing,United Kingdom
593901344844558336,"Nigel Farage is a tiny man. A tiny, charismatic, toad-like, xenophobic man.",Berry Hill,United Kingdom
593901345113034753,@Sparkypatrick @SoundofMySummer @UKLabour Tories believe that any regulation and taxation of business is wrong.  Only tax the serfs!,Hillingdon,United Kingdom
593901350196477956,So so true 100% @Nigel_Farage it's disgusting that people who fault in our war our now living on our streets.üëåüëåüëå #UKIP,Poplar,United Kingdom
593901382576504834,#whitvote great to have full slate incl socialist green labour tory &amp; ukip. All white men - something to work on for next election!,Chestfield,United Kingdom
593901523681353728,"@SirSimmon seems incredibly low budget, I can see it being Farage treating this as a walk in the park",Hitchin,United Kingdom
593901528693526528,@bbcthisweek and @afneil have the serious political objective of ridiculing #UKIP and #libdems whilst promoting #Tory in 2 party system,South East,United Kingdom
593901535748317185,watching nigel farage who speaks a lot nore sense than many other politicians he knows his facts and speaks a lot of sense,East,United Kingdom
593901542434017280,@wembley67lisbon @SolManOfficial being slightly left of the Tories and wanting tiny amounts of redistribution. Communists. üòÇ,Scotlandwell,United Kingdom
593901544866721792,@rachaelblackman @Celebs4indy labour are finished in Scotland after saying he would let Tories in rather than work with SNP,Stromness,United Kingdom
593901555063062528,Whose voted/voting UKIP then?,Hillingdon,United Kingdom
593901686441250817,"Time of death called: 20.47, 30 April 2015.  https://t.co/itwpGWLUHg",Hexham,United Kingdom
593901696939597825,"""Welcome to election 2015 ask Nigel Farage"" - this'll be fun #AskNigelFarage",Haverfordwest,United Kingdom
593901716866736128,"@andypiper if you don‚Äôt mind me asking, I am curious to know. Are you supporting UKIP or just fair representation ?",Islington,United Kingdom
593901720440299520,@BBC @UKIP who is that moronic communist presenting this debate with her left wing idiotic interjections!?,Portsmouth,United Kingdom
593901733513920513,Lady emails me for my views and gets angry that she does not want to know what UKIP thinks. OK...,Manchester,United Kingdom
593901874010562561,Cameron and Miliband are going to look like such tits when they realise they have to form a coalition to govern. #GE2015,Cambridge,United Kingdom
593901877114368001,Hope @UKIP don't kick out #lidl  and #aldi or we will all be visiting soup kitchens in #BlaenauGwent #affordability,Merthyr Tydfil,United Kingdom
593901883405766656,Seriously @agendaitv the Brand/Miliband interview was cringeworthy and damaging to both. Please @tombradby don't be sycophantic #TheAgenda,Kirkburton,United Kingdom
593901893421801473,@Nigel_Farage @UKIP  where's the cash coming from for your @NHSEngland investment promises? #fairytales,Paddington,United Kingdom
593901920923820032,"@JeSuisZionist Other alternative is the Tories, who have closed the Independent Living Fund for disabled people &amp; target most vulnerable.",London,United Kingdom
593901921385246721,@Zen_arcade_ @KillSwitchFish won't be enough &amp; basically nothing will pass without an SNP backing UNLESS we get a thrilling LabCon coalition,Dundee,United Kingdom
593901942381912065,"Nigel Farage makes some excellent points, Cameron and others only call him racist because he actually has an answer to immigration",Billingham,United Kingdom
593902068294901761,Why do Farage &amp; Cameron keep telling us they've used the NHS as if that gives them some unique insight? #bbcqt #ItsFarageTime,West Midlands,United Kingdom
593902088876335104,"@JohnnyRichards no. Why is his format different to milliband, cameron.",Margate,United Kingdom
593902251699240960,The SNP have just shown exactly that with their referendum,Hitchin,United Kingdom
593902276999249920,One week left a vote for #sinnfein is a vote for the Tory govt there's a better way and it's voting @markdurkan and #SDLP,Belfast,United Kingdom
593902293013110784,I managed to watch 2 minutes and 38 seconds of the Brand/Miliband interview...,Ealing,United Kingdom
593902311124148224,@kdugdalemsp U really r an idiot. SNP has CONSISTENTLY stated it will not oppose LAB Qu Sp. But after...? @free1_b @Ed_Miliband,East,United Kingdom
593902313644883968,@Leonuhhh they've been a tory paper for quite a while since their famous ditching of Labour during Blairdom xx,Margate,United Kingdom
593902320817143808,If you want poverty and no health care vote Tories I'd you want to save our NHS and better wages and peace of mind vote Labour on May 7th,Derby,United Kingdom
593902322159362048,"I know it's not really conducive to intellectual political debate, but: just fuck off Ed Miliband",Hammersmith,United Kingdom
593902326676594689,@AamerAnwar Ed just fell into David Cameron's trap. He's shown poor political judgment and allowed his enemy to get the better of him.,Annan,United Kingdom
593902456582594560,@Channel4News @0604Arb1320 @Ed_Miliband Peopleof Scotland and theUKTHIS MAN Milliband is aTraitor tothe WORKING CLASSareYouProudofHimEngland,Edinburgh,United Kingdom
593902497695150080,@PeteWishart do you think a deal has been done... Labour/Tory a coalition made in Hell...,Milngavie,United Kingdom
593902506595524608,@LydiaJane13 @potts93 I don't like him at all. One point I may add is that Nicola Sturgeon is equally as dangerous.,Garway,United Kingdom
593902639659769856,#snp,Glasgow,United Kingdom
593902644239929345,Can you imagine what it feels like to be David Miliband tonight #ohbrotherwhereartthou #wherewhereyouwhenEdkilledLabour,Glasgow,United Kingdom
593902647905771521,Ask Nigel Farage debate was........well,Leeds,United Kingdom
593902648258093057,Just unfollowed someone who claims Nigel Farage would make the UK an incredible place if he was given the chance.  Like hell would he!,Cardiff,United Kingdom
593902671662338048,@DavidWorsfold @LabourJack ed miliband?,Southend-on-Sea,United Kingdom
593902675294556160,"@JeSuisZionist I think you'll be surprised, if he wins. Or I'll kick myself... Can't do Tory, never could.",London,United Kingdom
593902676661903360,"polls high in SNP favour aren't great news for David Cameron.

THIS is the FANFUCKINGTASTIC news for David Cameron
https://t.co/WTJqKtY6LV",Dumfries,United Kingdom
593902689110503425,"1. #bbcqt
2. #AskNigelFarage
3. Miliband
4. #DoraAteTheMonkey
5. #FriendZoneMusicVideo

2015/4/30 23:19 BST #trndnl http://t.co/do7Hdxwcnc",London,United Kingdom
593902691476185088,I get the feeling that Jo Co doesn't care much for Farage #AskFarage,York,United Kingdom
593902826989944832,Mr Farage handled the questions pretty well. #AskNigelFarage,Rochdale,United Kingdom
593902991788351489,"The Lib Dems brought Tory policies to the UK in Govt with the Tories, but @UKLabour will work with them, &amp; not @theSNP . WHY ?
#Plaid15",Cardiff,United Kingdom
593903014769008640,@StephenHep21 Why wld SNP oppose LAB Qu Sp? It's mainly dressy bullshit.  Real politicks happens afterwards. @kdugdalemsp @Ed_Miliband,East,United Kingdom
593903026861187072,Was getting well into that Farage debate on bbc üòè,Chesterfield,United Kingdom
593903041507627009,Well I think that should of won @Ukip a lot more votes. #VoteUKIP #UKIP,Castleford,United Kingdom
593903042040303616,Audible gasps from the audience as Miliband refuses to accept Labour overspent. #ELECTION2015 #delusional #PFI #ClearAndPresentDanger,Birmingham,United Kingdom
593903044456271873,@casparfield @largeal69 @CarolineLucas 10% ahead. A vote for labour in Brighton Pavillion is a vote for the Tories,Brighton,United Kingdom
593903174970429441,"@:The Daily Mail: Lies, Damned Lies and misuse of statistics. The sequel https://t.co/GEVjpaN3CO via @Dis_PPL_Protest
""Tory Rag""",Penarth,United Kingdom
593903180305555459,"I watched 4 party leaders tonight
I think 3 are Liars
One was truthful
AND THAT MAN WAS NIGEL FARAGE
I WOULDN'T TRUST THE OTHERS WITH MY CAT",Nottingham,United Kingdom
593903183329624064,@LydiaJane13 @potts93 Farage is tinpot. UKIP won't have any influence at this election. Sadly SNP will.,Garway,United Kingdom
593903188408934400,The 'red' tories finally reveal themselves. What a plonker!  https://t.co/LtSVWBJTvb,Queensferry,United Kingdom
593903210768822273,http://t.co/5V7ERXEcUZ This is just the 4th I'm reading in 48hrs stating that #Tories have led us to economic disaster #GE2015 VOTE #SNP pls,Edinburgh,United Kingdom
593903212165537793,@GHmltn @MarkReckons Nick Clegg did well last night. Which is more than can be said of his party as a whole over the past few days.,Milton Keynes,United Kingdom
593903234772774912,@thefifer1314 @AlexCartwrightO @PD3V1NE @JimForScotland there using English saying they don't want lab snp i think Eng would like the help,Glasgow,United Kingdom
593903380214452225,I think its a bit wrong that Ukip weren't given a slot on #bbcqt as after watching him in Birmingham hes made his points better than Ed &amp; co,Sunderland,United Kingdom
593903390175952896,Great defence of the Union again from Miliband tonight. I hope he means it.,Portrush,United Kingdom
593903402750504960,"@SLATUKIP According to this UKIP candidate, all Africans are poor.  Also said, to a Jewish audience, Muslim schools promote intolarance.",London,United Kingdom
593903421624885248,"@AbysmiOs @stinkfisttt Les Mis is fucking great mane
And it's more than likely Tory now #GetWidDaTimesM8",Clifton,United Kingdom
593903554202640384,@LydiaJane13 @potts93 And that's dangerous for both Labour and Tory.,Garway,United Kingdom
593903570111500288,"Miliband exposed as a coward&amp;a liar
Blunkett admits Miliband MUST do a deal with Nicola Sturgeon's #SNP to gain power
http://t.co/vJWIbh9Wx6",Aspen,United States
593903586687451136,Anyone worried about Ed Milliband No Deal's message Don't worry SNP Labour would work on a vote 2 vote basis SNP don't want a deal #VoteSNP,Dumfries,United Kingdom
593903735488679936,"#Sales #Job: Retail Sales - Fragrance RSS Associate Tory Burch, Part Time: Torrance,... (#Torrance, CA) http://t.co/fZA3LtWqcj #makeup",Torrance,United States
593903754954579970,A cracking job!  üòúüëç #UKIP #VoteUKIP2015 https://t.co/CmKtRA8NTb,Witney,United Kingdom
593903760608468994,"The economic genius that is Margaret Farrier has made it to the Daily Record.

http://t.co/7cvSJDKKib http://t.co/CHTsLlmsUi",Edinburgh,United Kingdom
593903763339026432,"@_a_y LOL, watch the swings &amp; what UKIP get there",Manchester,United Kingdom
593903764593102850,"@yoswansrock @AresePollard Sadly Farage would use that to further his argument ignoring fact that these are caring, capable people",Hallen,United Kingdom
593903786604756992,@potts93 @LydiaJane13 Sturgeon is frightening for the UK. Horrible woman.,Garway,United Kingdom
593903789377204226,Vote #ukip get #ukip  dont get drawn back into lib/lab/con by nonsense propagandaüòØüòØ feck the MSM smear machine,Aberdeen,United Kingdom
593903921518800897,"@jallison31 quite a few are, some I know personally. Evidenced in the polling figures for SNP vote. No voters must be turning to them.",Carluke,United Kingdom
593903973280657409,"Noted none of local lab folk backing up #miliband's ""we didn't spend too much"", well they have been pro austerity here in mcr too. #Makeit15",Manchester,United Kingdom
593903975939846146,"My brother in law Calum Kerr, looking very happy with Scottish Prime Minister, Nicola Sturgeon http://t.co/K3ej0prxZ5",Scotland,United Kingdom
593903980264214528,@sunny_hundal Milliband hasn't good enough hand to bluff SNP. It will call shots no matter what is said to con the English @maggivaughan,East,United Kingdom
593904119515086848,Where will #UKIP get its funding from if it can't claim expenses from the European Parliament any more? #AskNigelFarage,Leeds,United Kingdom
593904126637035521,UKIP UKIP UKIP UKIP UKIP way to go good debate @Nigel_Farage or should I say great,Shorn Hill,United Kingdom
593904158325022720,"‚Äú@AnthonyRog89 @ian_beckett @DailyMirror Cameron won, Clegg a close second while Miliband was a joke‚Äù

Meanwhile, back in the real world ...",East,United Kingdom
593904163156799488,@scotnotbritt @JonathanPlaid Miliband is turning out to be a disaster for Labour!,Auburn,United States
593904360574349314,For the avoidance of doubt the party with the largest no of seats doors NOT get first dibs. Clegg being mischievous there.,Worcester,United Kingdom
593904483572264960,GE2015 #Debates: Incredulous that #EMili ruled out any deal whatsoever with #SNP therefore almost certainly ruling out Labour in govt in May,Yorkshire and The Humber,United Kingdom
593904511653179392,Nigel Farage is wrong on the German smoking laws. It varies from Bundesland to Bundesland. Some have smoking rooms most don't.,Glasgow,United Kingdom
593904542846156800,"We have to just accept that Labour cannot say that they would share power with SNP and keep Tories out etc.

They would lose votes.",Edinburgh,United Kingdom
593904703760670722,@k4myg it's a shame that too many of my Oldhamers vote by tradition. If only they could see Ed Miliband's candidate is awful.,Oldham,United Kingdom
593904720600801280,@55krissi55 @catchafire777 That's why he voted for ¬£30bn of Tory cuts &amp; Balls said won't change any of Osborne's budget...,Thornliebank,United Kingdom
593904722169491458,"Tonight on #bbcqt Ed Miliband disenfranchised 5M Scots voters and gave SNP a mandate for a second #indyref 

*Slow Claps the Establishment*",Glasgow,United Kingdom
593904730805563394,"Has Nige mentioned this to you @DavidCoburnUKip, @Casumptious? #UkipLosers https://t.co/liDRjsqlAW",North West,United Kingdom
593904888897241089,Ed Miliband is a fucking sket,Aberdeen,United Kingdom
593904937605693440,Decided to call my first born Victoria 1) to honour Vicky P and sociology and 2) So I can call it Tory,Leeds,United Kingdom
593905080304275456,"@ChrisPDucks A school in workingtom voted 136 Labour, 103 Conservatives and 102 UKIP! Unbelievable how close that was!",Stainburn,United Kingdom
593905092421627905,Has someone told Ed Miliband? Haha https://t.co/mWnlKXKGzC,Inverness,United Kingdom
593905097572233217,"Post-event question: of the four #Conservative #Labour #LibDems #UKIP leaders, how many will still be in place by 15th May? #GE2015",Leeds,United Kingdom
593905109299507201,"@JimForScotland are you an idiot Jim , it's not the SNP who  Milliband  is turning his back on it is the Scottish people , labour no more",Haddington,United Kingdom
593905275846926336,He's doing well on the top gear audition to be fair...racism ‚òëÔ∏è homophobia ‚òëÔ∏è bullshit ‚òëÔ∏è waiting for the prostitute joke! #Farage,Pontypool,United Kingdom
593905279516942336,I laughed so hard at this I got snot everywhere! #ukip @Trumpton_UKIP @WomenDefyUKIP  https://t.co/leTiLHYaZy,North West,United Kingdom
593905299980976128,I look forward with eager enthusiasm to #Nigel_Farage taking his seat in Westminster. The place with come alive and will breath sense #UKIP,Rampside,United Kingdom
593905320042352640,My phone charger is more fucked up than ukip,Cardiff,United Kingdom
593905320285601792,I'm sure the bbc were playing spot the kipper. 25% were supporting UKIP but most questions came from people having a pop. #NotImpressed,Stockton-on-Tees,United Kingdom
593905341240352768,Jolyon Rubinstein can't stand the over privileged wanker trying to be all working class when he's posher than David Cameron #bbctw,South East,United Kingdom
593905481543979008,The taxi driver in football factory reminds me of Nigel Farage. Waffling racist cunt!,Coventry,United Kingdom
593905485771874304,"May 7th Scotland returns 59 @theSNP MP's, May 8th Milliband resigns, May 9th #UDI . Bring it on.",Edinburgh,United Kingdom
593905514024697856,@MikeAR_ @UKIP4Swaffham  no I hate Tories but you vote on principles not tactical. If you have to your party is wrong. By the way hate truss,Newburn,United Kingdom
593905520014131200,@EmmaMBearman 1 in 9 voters will vote UKIP and get nothing. They probably all voted to keep the broken system. They'll change their minds.,Birmingham,United Kingdom
593905520689455104,Oh god UKIP accounts are retweeting me this was NOT meant to happen,Bexley,United Kingdom
593905525911334913,That's it. It's essentially over for Miliband.,Auburn,United States
593905534169915393,@Nigel_Farage why are you such a moronic immigrant hating hypocrite? Also please take your ex Tory chums and backers and do one.,Merthyr Tydfil,United Kingdom
593905677585768449,Milliband:Vote Labour get Tory. Prefers Tories to working with socialists. We won't forget this @Alun_Pugh @mumphtoons @LeanneWood #ShameOnU,Caernarfon,United Kingdom
593905683088711681,#generalelection lets see what this silly woman has to say for herself #SNP get back over the wall,North West,United Kingdom
593905684527357953,I fear a middle-aged tory and a middle-aged are about to tell a young adult that he's wrong about young adults *yawn* #bbctw,Manchester,United Kingdom
593905699287076864,I really do wish Ed Miliband would stop beginning each sentence with the phrase 'I'm just gunna say this...' #QuestionTime,Flamstead,United Kingdom
593905725296005120,@David_Wilson_80 @JamieRoss7 You think the SNP would side with the Tories?,Leeds,United Kingdom
593905777846427648,@TimBarber81 UKIP have had such a hammering in the media &amp; Joe Public making fun it's hard to imagine anyone at all giving them a thought.,Castleford,United Kingdom
593905915792793601,I fear a middle-aged tory and a middle-aged labour man are about to tell a young adult that he's wrong about young adults *yawn* #bbctw,Manchester,United Kingdom
593905937871667201,"@wings So if Labour get the most votes with a small minority, Ed Milliband wont phone Nicola? Grand coalition or Dave you keep the job?",Ayr,United Kingdom
593905942296690689,"@Mabbutt01 @XxPLWxX @avantiproperty based on what logic? Farage is no different to Cameron, he's even a Margaret thatcher lover",Merthyr Tydfil,United Kingdom
593906100946268160,"Much as I can't stand UKIP, the fact they've backed a candidate who's served a jail sentence shouldn't even be news.",Muirhead,United Kingdom
593906188372287489,Tell you what Farage is holding his own here .,Shotton,United Kingdom
593906199130681345,@UKIP good stuff @Nigel_Farage üìùVOTE UKIP,Penycae,United Kingdom
593906330181722112,Looks like my Labour/SNP prediction is off the cards eh @Fraser_92 @marcmcardle1,Glasgow,United Kingdom
593906372510674947,"@wendzonline  Thanks, feel in despair - tories will win though - as Labour spent too much on the poor. And the NHS will die.",Brighton,United Kingdom
593906433906876417,@hopenothate @QuietNotStupid @JohnBickleyUKIP you need to read the following tweets before retweeting what you believe is a UKIP expose',Woking,United Kingdom
593906475426324480,"@dukesy12 @AlbaView Vote Conservative for a life. Vote Labour and I still believe this means Sturgeon, for a life sentence.",Hellesdon,United Kingdom
593906628723892224,"Jolyon Rubinstein tries to deny he has a far left agenda lol, it's like Miliband trying to deny they spent too much in govt #bbctw",South East,United Kingdom
593906656615903232,Vote ukip . Fuck it,Frampton on Severn,United Kingdom
593906658314690560,@55krissi55 @chunkymark @MoanWhingeMoan @NicolaSturgeon @Ed_Miliband SNP is far to the left of Labour party. Hence Red Tories Out!,Thornliebank,United Kingdom
593906669194739712,#UKIP #CAPSLOCK https://t.co/tQt4ibfWC9,North West,United Kingdom
593906669849042945,"@BBCwaste @1markconway they got a bunch of thick leftist loons , which Farage's eats for breakfast every day. The @bbc are an embarrassment",Woking,United Kingdom
593906691307102209,"Lab OR Tory Gov, LARGE number of SNP MPs will be powerful at WM. Nothing important will pass without SNP support. http://t.co/s9RLZQv6i0",East,United Kingdom
593906860874432512,10 out of 10 for effort - Ukip candidate waves at motorists for 13 hours a day http://t.co/PwJF45gRPI,Birmingham,United Kingdom
593906867761459200,"@_Mozza_ @DouglasDaniel Still, they fell for publishing the ""Sturgeon as wheeled cyborg terminator, including bionic exhaust-port eye"" pic.",Scotland,United Kingdom
593907131583172609,A don't get how someone can be Scottish and not support SNP,Troon,United Kingdom
593907155876618240,@BuzzFeedUKPol You are in for a rude awakening. The Tories will use you. You will fail and they will spit you out #Fool,London,United Kingdom
593907160574205954,@eddiemurphy4pcc: Trident not a deterrent or independent @bbcthisweek says ex Tory MP @ASLEFunion @CNDuk @LabourCND @UKLabour @Richard4Park,Peterborough,United Kingdom
593907317827117056,"@CasparQC Not real Tory tweets, they are mainly auto-generated by @grantshapps and his expensive software.",Burgess Hill,United Kingdom
593907322315010048,"All Miliband, Cameron &amp; Clegg have succeeded in doing tonight is reaffirm why #voteSNP is the only way Scottish interests will be protected.",Glasgow,United Kingdom
593907324345032704,SLab politicians at pains to try to spin Miliband's no deal statement.  It's all #snp bad  - They're bringing down their Gov!  Embarrassing!,Moore,United Kingdom
593907351138238464,Watching the ukip debate. Nigel can sure talk,Chirk,United Kingdom
593907376253710337,@Fraser_92 @marcmcardle1 I think he's gifted the Tories a victory with those comments tonight. Who's gonna have enough seats to work with La,Glasgow,United Kingdom
593907570097651712,"""If you have a criminal record you can't go to Australia... Which is rather different to their historical past""  Farage is brilliant üòÇüòÇ",Church Village,United Kingdom
593907570651361280,@CasparQC I've just tweeted a Vince Cable piece from the Independent. Gets no more LibDem than that.,Burgess Hill,United Kingdom
593907603471740928,say no #UKIP http://t.co/8QiX7ZpJoN,Worcester,United Kingdom
593907621167570944,@BBCPolitics Marginally more honest than the tory scum is all ...,North West,United Kingdom
593907634920652800,is David Cameron trending lol . what a loser . #votelabour,Louth,United Kingdom
593907642063527936,@bbcthisweek @afneil Michael Portillo's hidden tory face increasingly cracking as he tries 2 suggest tory austerity was actually Keynes like,Thornliebank,United Kingdom
593907663609667584,.@afneil sums up David Cameron nearly perfectly. A fraud would have been the perfect way to sum the shyster up. #thisweek,Hounslow,United Kingdom
593907670173806592,@Mabbutt01 @XxPLWxX @avantiproperty who did farage used to be an mp for? Who finds UKIP? Oh that's right Tories.,Merthyr Tydfil,United Kingdom
593907679850078208,Perfectly summed up @Bonn1eGreer #shyster #GE2015  https://t.co/ZFiQzY9DMr,Sale,United Kingdom
593907847580221440,"Merkel √† Cameron sur les coalitions d√©s√©quilibr√©es ; ""les petits partis se font toujours √©craser""  LibDems-Tories / FDP-CDU / et l' UMP-UDI?",Le Mans,France
593907849073405953,@TonksterUKIP @woodside2010 @Nigel_Farage I've been awoken by UKIP; would love to see Nigel take South thanet and see him keep them honest!,Shanklin,United Kingdom
593907861484363777,@HuffPostUKPol @theJeremyVine The one who dealt with them in the most straightforward &amp; direct way was Clegg. For many he emerged stronger.,Penzance,United Kingdom
593907886759276547,"What's wrong with Ed Milliband's face? Does he have a medical problem he's hiding?
#bbcqt http://t.co/2RPxVGQrvu",Ohio,United States
593907918233325568,When Miliband says 'let me answer that directly' or 'and I'll tell you why' then waffles about the cost of living... #GrindsMyGears #bbcqt,Todmorden,United Kingdom
593907938965778434,@RichardCann76 Oh God sol. please wake up and realise the Tories are using you as a #Token before its too late. #CameronNeutralisesCelebs,London,United Kingdom
593907954048507904,"Just watched Nigel Farage talk for thirty minutes in front of mainly hostile audience. The man is superb, and talks common-sense. #fb",Lancaster,United Kingdom
593907984549486592,@bhaynes190 @Carra23 well as he works for Murdoch why would he back Miliband?,Macclesfield,United Kingdom
593908129420705792,Miliband being cooked on the last Labour govts (over)spending #LiarLiar #Awkward #bbcqt,London,United Kingdom
593908168591331329,@Fraser_92 @marcmcardle1 He's in a corner now. They won't win outright. If he does now do business with SNP he'll look utterly ridiculous,Glasgow,United Kingdom
593908177739063296,More lies from @NicolaSturgeon claiming this election not about #indyref. She wants TORY win as that will help further #indyref campaign,Catshill,United Kingdom
593908235750473728,@Ed_Miliband  #tories borrowed more in 5yrs than labour did in 13yrs #bbcqt,Louth,United Kingdom
593908476822204416,AM-News : Nigel Farage claims Britain is 'incapable' of treating HIV because of immigrants: Nigel Farage has‚Ä¶ http://t.co/F9T30QB1Oc,Miami,United States
593908494077669377,"Watching This Week, it is clear that our Southern neighbours are not as clued up as in Scotland. But hey they have crap choices . #snp",Scotland,United Kingdom
593908496980148224,@nataliemcgarry @GlasgowInterest  this is just a desperate Labour smear  its the 2012 Council Count  SNP result is what's being cheered,Glasgow,United Kingdom
593908700387090433,"To The #NatCopter
#NatForceOne #GetToTheChoppa #SNP http://t.co/k0Wui3nCSh",Bridge of Earn,United Kingdom
593908707961995265,@CharlotteAdria @MairLM @del_sharpe vote UKIP,Cricklade,United Kingdom
593908725661990912,@JimForScotland You really are a stupid prat. Your boss just indicated he would rather be in bed with the Tories. Hang your head in shame!,Thornliebank,United Kingdom
593908757912023040,"I enjoyed Nigel Farage tonight, answering questions 'posed' by a studio audience! He was on 'top form'! ""SUPERB KNOWLEDGE"" and for ""HONESTY""",Preston,United Kingdom
